{"dBsHvcpazTZPJGfWLie3cQ==":"analog-art-beautiful-963486-2000x1333.jpg","lcycDy/LFhssJ72TgJ/WBQ==":"12-475x705.png","bTnkpgAU6CvBwLC7JiFHYA==":"page2-1204x642.jpg","8feqpsiHmMVaNiUo+PMLnA==":"u-1-122x90.jpg","RTR1RP+5B6RZXAdUb/If5w==":"untit1-164x122.jpg","0uHb0KKWxCl2X5etxLVbNA==":"untitled-1-164x122.png","B8ND92TMvSSgEGxz/gU26Q==":"fb_img-1526355040612-300x302.jpg","mqiPhJ73xTF8oWuTNS5zWw==":"fb_img-1526354895722-300x200.jpg","aAcVKw9pco72W2jSRgNK5w==":"fb_img-1526354895723-300x200.jpg","AOA+kn0WRXsrjtfuEp+M7w==":"untitled-2-158x50.jpg","gkQuqinluBXsrlMr6RSODA==":"untitled-2-158x50.png","Ex23IIHM2uVzGCFpl2ecXg==":"amz%20heros1-242x54.jpg","VVXBbajQ6HCIdWwUUp/3Yg==":"amz%20heros-1-242x54.png","/F4IgXnwJaAxi6ho9w3bFw==":"amz%20flip-242x54.png","X68yzGUTb/+aSvxvFCJ/0g==":"amz-flip-212x63.png","AmWZeNLZOS7Vh7ov9kUBjA==":"amz-flip-187x38.png","ujpmXbzDEbaZXvOHzpWGiA==":"amz-flip-220x66.png","i49wHJQ35vGF+9uAjUvcow==":"amz-flip-1-220x66.png","Rhkrg/dgL+a6qGoeA2J8mg==":"amz-flip-206x62.png","TRX1IvxZgO1eKfJLpl3oag==":"architecture-blank-box-205321-1200x1427.jpg","VBr1Ppd2i63edMODOViY4w==":"above-art-background-733852-1200x801.jpg","SyddG1KHM7EAD6hXFM6gqA==":"art-artist-background-316466-1200x800.jpg","kKSxZUHmYcakE2THKPQyXA==":"abstract-art-attractive-1122400-1200x800.jpg","aj8sTe+WzEtDefgLjNaTmA==":"asphalt-empty-field-163444-1200x675.jpg","j0BAHX1YcJr1nTLIfJ7Ksg==":"action-carefree-cropland-1146243-2000x1245.jpg","+oS6g96Y9lAcJDNzdt10rg==":"amz-flip-122x37.png","rrtkggXwSSbs9FibrQr6OA==":"apartment-chair-contemporary-509922-2000x1333.jpg","c8yTFZpaAWRhv8EHbA+i4g==":"analog-art-beautiful-963487-2000x1333.jpg","wNKlz45Dz83uIIbdoCXkpw==":"action-carefree-cropland-1146244-2000x1245.jpg","SzS8dlK4jjzx+QSBLjPtVw==":"untitled-1%20copy-400x133.png","Gswx8Hok7/zYHqqae0AcSw==":"logo-400x400.png","2dvsGgmE7gsYVEmJmfnBHA==":"logo_transparent-122x122.png","xOhZyeygjGHL52tun3bW8g==":"pexels-photo-265702-1280x853.jpg","6zWbKZugF+Ozs0iFjdHJsA==":"logo_transparent-400x400.png","QTm+3FPOa1A98QR6+lcvig==":"untitled-18%20copy-122x38.png","RSE4rGnIn9hYm8ezfhMKew==":"untitled-18%20copy-318x98.png","ZXZSVyDX8eYBff3zRv5fMg==":"logo%20final-390x150.png","PzrKokkp3mOddKujUKcrQw==":"logo%20final-394x152.png"}